{"AddComponentWaveforms:ncall": 0.0, "AddComponentWaveforms:sys": 1e-06, "AddComponentWaveforms:usr": 1.2e-05, "ClusterTrigger_0000:ncall": 100.0, "ClusterTrigger_0000:sys": 2.1000000000000002e-05, "ClusterTrigger_0000:usr": 0.0012560000000000008, "CylinderTrigger_0000:ncall": 100.0, "CylinderTrigger_0000:sys": 2.4000000000000004e-05, "CylinderTrigger_0000:usr": 0.0013510000000000006, "CylinderTrigger_0001:ncall": 100.0, "CylinderTrigger_0001:sys": 4.599999999999999e-05, "CylinderTrigger_0001:usr": 0.007220000000000001, "Delete_0000:ncall": 0.0, "Delete_0000:sys": 2.3e-05, "Delete_0000:usr": 0.0006280000000000002, "DetectorResponse_dommb:ncall": 100.0, "DetectorResponse_dommb:sys": 0.43226000000000014, "DetectorResponse_dommb:usr": 13.15687499999999, "DetectorResponse_pmt:ncall": 100.0, "DetectorResponse_pmt:sys": 0.001834, "DetectorResponse_pmt:usr": 0.03547899999999999, "DetectorSim_cleanup:ncall": 0.0, "DetectorSim_cleanup:sys": 2e-06, "DetectorSim_cleanup:usr": 1.3999999999999998e-05, "DetectorSim_triggersim_global_trig:ncall": 100.0, "DetectorSim_triggersim_global_trig:sys": 6.2e-05, "DetectorSim_triggersim_global_trig:usr": 0.007490000000000002, "GenerateIceTopShowersI3TopSimulator:ncall": 101.0, "GenerateIceTopShowersI3TopSimulator:sys": 524.091864, "GenerateIceTopShowersI3TopSimulator:usr": 83992.67575900003, "Generated Events": 0.0, "I3CombineMCPE_0000:ncall": 100.0, "I3CombineMCPE_0000:sys": 0.0005010000000000001, "I3CombineMCPE_0000:usr": 0.008771999999999999, "I3InIceCORSIKATrimmer_0000:ncall": 100.0, "I3InIceCORSIKATrimmer_0000:sys": 0.0020470000000000006, "I3InIceCORSIKATrimmer_0000:usr": 15.310043, "I3Pruner_0000:ncall": 0.0, "I3Pruner_0000:sys": 0.0, "I3Pruner_0000:usr": 9.999999999999999e-06, "I3TimeShifter_0000:ncall": 0.0, "I3TimeShifter_0000:sys": 1.1e-05, "I3TimeShifter_0000:usr": 8.8e-05, "RenamePESeriesMap:ncall": 0.0, "RenamePESeriesMap:sys": 2.8000000000000003e-05, "RenamePESeriesMap:usr": 0.0006820000000000003, "Rename_0000:ncall": 0.0, "Rename_0000:sys": 2.1000000000000002e-05, "Rename_0000:usr": 0.0007319999999999999, "Rename_0001:ncall": 0.0, "Rename_0001:sys": 1.2000000000000002e-05, "Rename_0001:usr": 0.0005750000000000002, "SimpleMajorityTrigger_0000:ncall": 100.0, "SimpleMajorityTrigger_0000:sys": 3.9000000000000006e-05, "SimpleMajorityTrigger_0000:usr": 0.002234, "SimpleMajorityTrigger_0001:ncall": 100.0, "SimpleMajorityTrigger_0001:sys": 2e-05, "SimpleMajorityTrigger_0001:usr": 0.0012550000000000005, "SimpleMajorityTrigger_0002:ncall": 100.0, "SimpleMajorityTrigger_0002:sys": 1.3000000000000001e-05, "SimpleMajorityTrigger_0002:usr": 0.0007410000000000004, "SlowMonopoleTrigger_0000:ncall": 100.0, "SlowMonopoleTrigger_0000:sys": 3.6e-05, "SlowMonopoleTrigger_0000:usr": 0.0012199999999999997, "count_triggers:ncall": 0.0, "count_triggers:sys": 0.0, "count_triggers:usr": 1.2e-05, "ctx:ncall": 100.0, "ctx:sys": 0.00016099999999999998, "ctx:usr": 0.1981179999999999, "dt:ncall": 0.0, "dt:sys": 0.0002940000000000002, "dt:usr": 0.004232999999999998, "lineartree:ncall": 0.0, "lineartree:sys": 2e-06, "lineartree:usr": 1.3000000000000001e-05, "reader:ncall": 0.0, "reader:sys": 0.017894, "reader:usr": 0.33857600000000004, "source:ncall": 0.0, "source:sys": 0.015964, "source:usr": 0.472028999999999, "split:ncall": 0.0, "split:sys": 0.005972000000000002, "split:usr": 0.10594500000000001, "time-gen:ncall": 101.0, "time-gen:sys": 1.8e-05, "time-gen:usr": 0.0005380000000000006, "top_simulator_counter:ncall": 100.0, "top_simulator_counter:sys": 6.399999999999997e-05, "top_simulator_counter:usr": 0.0065309999999999995, "vuvuzela_DetectorSim_vuvuzela:ncall": 100.0, "vuvuzela_DetectorSim_vuvuzela:sys": 0.04926400000000001, "vuvuzela_DetectorSim_vuvuzela:usr": 0.5187300000000004, "writer:ncall": 0.0, "writer:sys": 0.001022, "writer:usr": 0.0012020000000000002}