{"Delete_0000:ncall": 0.0, "Delete_0000:sys": 8.399999999999986e-05, "Delete_0000:usr": 0.0026980000000000016, "GenerateIceTopShowersI3TopSimulator:ncall": 101.0, "GenerateIceTopShowersI3TopSimulator:sys": 0.81921, "GenerateIceTopShowersI3TopSimulator:usr": 31.206771999999997, "Generated Events": 0.0, "I3InIceCORSIKATrimmer_0000:ncall": 100.0, "I3InIceCORSIKATrimmer_0000:sys": 0.000553, "I3InIceCORSIKATrimmer_0000:usr": 0.014805999999999996, "ctx:ncall": 100.0, "ctx:sys": 0.00024199999999999973, "ctx:usr": 0.004126000000000001, "dt:ncall": 0.0, "dt:sys": 0.0001749999999999999, "dt:usr": 0.003876000000000001, "source:ncall": 0.0, "source:sys": 0.010000999999999994, "source:usr": 0.3015959999999991, "time-gen:ncall": 101.0, "time-gen:sys": 3.399999999999999e-05, "time-gen:usr": 0.0007319999999999998, "top_simulator_counter:ncall": 100.0, "top_simulator_counter:sys": 5.6999999999999935e-05, "top_simulator_counter:usr": 0.0016509999999999997, "writer:ncall": 0.0, "writer:sys": 0.0021769999999999992, "writer:usr": 0.075888}