{"AddComponentWaveforms:ncall": 100.0, "AddComponentWaveforms:sys": 4.4e-05, "AddComponentWaveforms:usr": 0.003685, "ClusterTrigger_0000:ncall": 100.0, "ClusterTrigger_0000:sys": 1e-05, "ClusterTrigger_0000:usr": 0.0009510000000000012, "CylinderTrigger_0000:ncall": 100.0, "CylinderTrigger_0000:sys": 1e-05, "CylinderTrigger_0000:usr": 0.0007869999999999995, "CylinderTrigger_0001:ncall": 100.0, "CylinderTrigger_0001:sys": 7e-06, "CylinderTrigger_0001:usr": 0.0004559999999999997, "Delete_0000:ncall": 0.0, "Delete_0000:sys": 0.0, "Delete_0000:usr": 0.0003150000000000002, "DetectorResponse_dommb:ncall": 100.0, "DetectorResponse_dommb:sys": 0.226814, "DetectorResponse_dommb:usr": 9.914233000000001, "DetectorResponse_pmt:ncall": 100.0, "DetectorResponse_pmt:sys": 4.199999999999999e-05, "DetectorResponse_pmt:usr": 0.06071500000000002, "DetectorSim_cleanup:ncall": 0.0, "DetectorSim_cleanup:sys": 1.1e-05, "DetectorSim_cleanup:usr": 0.0004580000000000001, "DetectorSim_triggersim_global_trig:ncall": 100.0, "DetectorSim_triggersim_global_trig:sys": 5.1e-05, "DetectorSim_triggersim_global_trig:usr": 0.003872000000000001, "I3CombineMCPE_0000:ncall": 100.0, "I3CombineMCPE_0000:sys": 5.999999999999999e-06, "I3CombineMCPE_0000:usr": 0.006151999999999999, "I3Pruner_0000:ncall": 100.0, "I3Pruner_0000:sys": 4.7999999999999994e-05, "I3Pruner_0000:usr": 0.006096000000000001, "I3TimeShifter_0000:ncall": 100.0, "I3TimeShifter_0000:sys": 0.0037419999999999997, "I3TimeShifter_0000:usr": 0.12059099999999992, "RenamePESeriesMap:ncall": 0.0, "RenamePESeriesMap:sys": 2e-06, "RenamePESeriesMap:usr": 0.00032300000000000015, "Rename_0000:ncall": 0.0, "Rename_0000:sys": 2e-06, "Rename_0000:usr": 0.00048800000000000037, "Rename_0001:ncall": 0.0, "Rename_0001:sys": 2e-06, "Rename_0001:usr": 0.0004119999999999994, "SimpleMajorityTrigger_0000:ncall": 100.0, "SimpleMajorityTrigger_0000:sys": 1.9e-05, "SimpleMajorityTrigger_0000:usr": 0.001117, "SimpleMajorityTrigger_0001:ncall": 100.0, "SimpleMajorityTrigger_0001:sys": 8e-06, "SimpleMajorityTrigger_0001:usr": 0.0005930000000000005, "SimpleMajorityTrigger_0002:ncall": 100.0, "SimpleMajorityTrigger_0002:sys": 6e-06, "SimpleMajorityTrigger_0002:usr": 0.0004379999999999998, "SlowMonopoleTrigger_0000:ncall": 100.0, "SlowMonopoleTrigger_0000:sys": 2.1000000000000002e-05, "SlowMonopoleTrigger_0000:usr": 0.0007050000000000011, "count_triggers:ncall": 0.0, "count_triggers:sys": 2.3e-05, "count_triggers:usr": 0.001210999999999999, "lineartree:ncall": 0.0, "lineartree:sys": 0.000148, "lineartree:usr": 0.007027000000000002, "reader:ncall": 0.0, "reader:sys": 0.013908, "reader:usr": 0.3718629999999999, "split:ncall": 0.0, "split:sys": 0.0046830000000000005, "split:usr": 0.07890700000000002, "vuvuzela_DetectorSim_vuvuzela:ncall": 100.0, "vuvuzela_DetectorSim_vuvuzela:sys": 0.016762999999999997, "vuvuzela_DetectorSim_vuvuzela:usr": 0.3035890000000001, "writer:ncall": 0.0, "writer:sys": 0.005124999999999999, "writer:usr": 0.46718199999999993}