{"Delete_0000:ncall": 0.0, "Delete_0000:sys": 0.002823000000000001, "Delete_0000:usr": 0.017398999999999998, "GenerateIceTopShowersI3TopSimulator:ncall": 101.0, "GenerateIceTopShowersI3TopSimulator:sys": 6.956823000000002, "GenerateIceTopShowersI3TopSimulator:usr": 22.249946, "Generated Events": 0.0, "I3InIceCORSIKATrimmer_0000:ncall": 100.0, "I3InIceCORSIKATrimmer_0000:sys": 0.000689, "I3InIceCORSIKATrimmer_0000:usr": 0.854399, "ctx:ncall": 100.0, "ctx:sys": 2.1e-05, "ctx:usr": 0.004903999999999999, "dt:ncall": 0.0, "dt:sys": 0.00049, "dt:usr": 0.004465, "source:ncall": 0.0, "source:sys": 0.010995999999999999, "source:usr": 0.5201359999999998, "time-gen:ncall": 101.0, "time-gen:sys": 3.6e-05, "time-gen:usr": 0.0005810000000000004, "top_simulator_counter:ncall": 100.0, "top_simulator_counter:sys": 0.00025599999999999977, "top_simulator_counter:usr": 0.001114, "writer:ncall": 0.0, "writer:sys": 9.200000000000001e-05, "writer:usr": 0.023112}