{"Delete_0000:ncall": 0.0, "Delete_0000:sys": 0.005631, "Delete_0000:usr": 0.10900100000000001, "GenerateIceTopShowersI3TopSimulator:ncall": 101.0, "GenerateIceTopShowersI3TopSimulator:sys": 885.2575699999999, "GenerateIceTopShowersI3TopSimulator:usr": 4451.201586, "Generated Events": 0.0, "I3InIceCORSIKATrimmer_0000:ncall": 100.0, "I3InIceCORSIKATrimmer_0000:sys": 0.0053360000000000005, "I3InIceCORSIKATrimmer_0000:usr": 13.742650000000001, "ctx:ncall": 100.0, "ctx:sys": 0.0017479999999999998, "ctx:usr": 0.09722899999999997, "dt:ncall": 0.0, "dt:sys": 0.0005080000000000001, "dt:usr": 0.007485000000000002, "source:ncall": 0.0, "source:sys": 0.02022099999999997, "source:usr": 0.6323469999999991, "time-gen:ncall": 101.0, "time-gen:sys": 8.899999999999994e-05, "time-gen:usr": 0.0011819999999999997, "top_simulator_counter:ncall": 100.0, "top_simulator_counter:sys": 0.006529999999999998, "top_simulator_counter:usr": 0.022393, "writer:ncall": 0.0, "writer:sys": 0.09151500000000001, "writer:usr": 9.252266}