{"Delete_0000:ncall": 0.0, "Delete_0000:sys": 0.00012099999999999977, "Delete_0000:usr": 0.0007720000000000007, "GenerateIceTopShowersI3TopSimulator:ncall": 101.0, "GenerateIceTopShowersI3TopSimulator:sys": 3.3153639999999975, "GenerateIceTopShowersI3TopSimulator:usr": 18.373075000000004, "Generated Events": 0.0, "I3InIceCORSIKATrimmer_0000:ncall": 100.0, "I3InIceCORSIKATrimmer_0000:sys": 0.0010190000000000012, "I3InIceCORSIKATrimmer_0000:usr": 0.007564000000000001, "ctx:ncall": 100.0, "ctx:sys": 0.00029399999999999983, "ctx:usr": 0.0015269999999999988, "dt:ncall": 0.0, "dt:sys": 0.00018199999999999973, "dt:usr": 0.0016610000000000012, "source:ncall": 0.0, "source:sys": 0.08639100000000002, "source:usr": 1.200090999999998, "time-gen:ncall": 101.0, "time-gen:sys": 3.5999999999999994e-05, "time-gen:usr": 0.0003019999999999998, "top_simulator_counter:ncall": 100.0, "top_simulator_counter:sys": 7.199999999999991e-05, "top_simulator_counter:usr": 0.00048300000000000036, "writer:ncall": 0.0, "writer:sys": 0.004021, "writer:usr": 0.05457300000000001}