{"AddComponentWaveforms:ncall": 1.0, "AddComponentWaveforms:sys": 3e-06, "AddComponentWaveforms:usr": 0.000203, "ClusterTrigger_0000:ncall": 100.0, "ClusterTrigger_0000:sys": 3.6e-05, "ClusterTrigger_0000:usr": 0.0004089999999999996, "CylinderTrigger_0000:ncall": 100.0, "CylinderTrigger_0000:sys": 3.1e-05, "CylinderTrigger_0000:usr": 0.00047900000000000026, "Delete_0000:ncall": 0.0, "Delete_0000:sys": 1e-06, "Delete_0000:usr": 0.0001759999999999997, "DetectorResponse_dommb:ncall": 100.0, "DetectorResponse_dommb:sys": 0.244257, "DetectorResponse_dommb:usr": 9.659492999999998, "DetectorResponse_pmt:ncall": 100.0, "DetectorResponse_pmt:sys": 0.00019800000000000002, "DetectorResponse_pmt:usr": 0.063449, "DetectorSim_cleanup:ncall": 0.0, "DetectorSim_cleanup:sys": 4e-06, "DetectorSim_cleanup:usr": 1.1e-05, "DetectorSim_triggersim_global_trig:ncall": 100.0, "DetectorSim_triggersim_global_trig:sys": 3.5999999999999994e-05, "DetectorSim_triggersim_global_trig:usr": 0.0027939999999999987, "GenerateIceTopShowersI3TopSimulator:ncall": 101.0, "GenerateIceTopShowersI3TopSimulator:sys": 3.3153639999999975, "GenerateIceTopShowersI3TopSimulator:usr": 18.373075000000004, "Generated Events": 0.0, "I3CombineMCPE_0000:ncall": 100.0, "I3CombineMCPE_0000:sys": 1.1e-05, "I3CombineMCPE_0000:usr": 0.006418000000000002, "I3InIceCORSIKATrimmer_0000:ncall": 100.0, "I3InIceCORSIKATrimmer_0000:sys": 0.0010190000000000012, "I3InIceCORSIKATrimmer_0000:usr": 0.007564000000000001, "I3Pruner_0000:ncall": 1.0, "I3Pruner_0000:sys": 1e-06, "I3Pruner_0000:usr": 6.8e-05, "I3TimeShifter_0000:ncall": 1.0, "I3TimeShifter_0000:sys": 3.2000000000000005e-05, "I3TimeShifter_0000:usr": 0.001345, "RenamePESeriesMap:ncall": 0.0, "RenamePESeriesMap:sys": 2e-06, "RenamePESeriesMap:usr": 0.0002359999999999996, "Rename_0000:ncall": 0.0, "Rename_0000:sys": 4e-06, "Rename_0000:usr": 0.0002079999999999996, "Rename_0001:ncall": 0.0, "Rename_0001:sys": 0.0, "Rename_0001:usr": 0.0001609999999999997, "SimpleMajorityTrigger_0000:ncall": 100.0, "SimpleMajorityTrigger_0000:sys": 0.000132, "SimpleMajorityTrigger_0000:usr": 0.0006190000000000004, "SimpleMajorityTrigger_0001:ncall": 100.0, "SimpleMajorityTrigger_0001:sys": 1.4000000000000001e-05, "SimpleMajorityTrigger_0001:usr": 0.0003869999999999999, "SimpleMajorityTrigger_0002:ncall": 100.0, "SimpleMajorityTrigger_0002:sys": 3.9e-05, "SimpleMajorityTrigger_0002:usr": 0.0027770000000000004, "SlowMonopoleTrigger_0000:ncall": 100.0, "SlowMonopoleTrigger_0000:sys": 0.00023799999999999998, "SlowMonopoleTrigger_0000:usr": 0.00041599999999999965, "count_triggers:ncall": 0.0, "count_triggers:sys": 2e-06, "count_triggers:usr": 1.2e-05, "ctx:ncall": 100.0, "ctx:sys": 0.00029399999999999983, "ctx:usr": 0.0015269999999999988, "dt:ncall": 0.0, "dt:sys": 0.00018199999999999973, "dt:usr": 0.0016610000000000012, "lineartree:ncall": 0.0, "lineartree:sys": 2e-06, "lineartree:usr": 6.500000000000001e-05, "reader:ncall": 0.0, "reader:sys": 0.07046300000000001, "reader:usr": 1.337864999999999, "source:ncall": 0.0, "source:sys": 0.08639100000000002, "source:usr": 1.200090999999998, "split:ncall": 0.0, "split:sys": 0.0035900000000000003, "split:usr": 0.052080999999999995, "time-gen:ncall": 101.0, "time-gen:sys": 3.5999999999999994e-05, "time-gen:usr": 0.0003019999999999998, "top_simulator_counter:ncall": 100.0, "top_simulator_counter:sys": 7.199999999999991e-05, "top_simulator_counter:usr": 0.00048300000000000036, "vuvuzela_DetectorSim_vuvuzela:ncall": 100.0, "vuvuzela_DetectorSim_vuvuzela:sys": 0.027849, "vuvuzela_DetectorSim_vuvuzela:usr": 0.496139, "writer:ncall": 0.0, "writer:sys": 4e-06, "writer:usr": 0.003995}