{"AddComponentWaveforms:ncall": 5.0, "AddComponentWaveforms:sys": 5.999999999999999e-06, "AddComponentWaveforms:usr": 0.0005579999999999999, "ClusterTrigger_0000:ncall": 100.0, "ClusterTrigger_0000:sys": 3.7000000000000005e-05, "ClusterTrigger_0000:usr": 0.0005330000000000006, "CylinderTrigger_0000:ncall": 100.0, "CylinderTrigger_0000:sys": 4.599999999999999e-05, "CylinderTrigger_0000:usr": 0.000607, "CylinderTrigger_0001:ncall": 100.0, "CylinderTrigger_0001:sys": 5.2e-05, "CylinderTrigger_0001:usr": 0.0030880000000000005, "Delete_0000:ncall": 0.0, "Delete_0000:sys": 1.2e-05, "Delete_0000:usr": 0.00028599999999999985, "DetectorResponse_dommb:ncall": 100.0, "DetectorResponse_dommb:sys": 0.224511, "DetectorResponse_dommb:usr": 10.045226999999992, "DetectorResponse_pmt:ncall": 100.0, "DetectorResponse_pmt:sys": 1.7e-05, "DetectorResponse_pmt:usr": 0.14707900000000002, "DetectorSim_cleanup:ncall": 0.0, "DetectorSim_cleanup:sys": 4e-06, "DetectorSim_cleanup:usr": 2.4999999999999998e-05, "DetectorSim_triggersim_global_trig:ncall": 100.0, "DetectorSim_triggersim_global_trig:sys": 0.000175, "DetectorSim_triggersim_global_trig:usr": 0.0030289999999999987, "GenerateIceTopShowersI3TopSimulator:ncall": 101.0, "GenerateIceTopShowersI3TopSimulator:sys": 302.338765, "GenerateIceTopShowersI3TopSimulator:usr": 2550.6026049999996, "Generated Events": 0.0, "I3CombineMCPE_0000:ncall": 100.0, "I3CombineMCPE_0000:sys": 0.000175, "I3CombineMCPE_0000:usr": 0.009298000000000002, "I3InIceCORSIKATrimmer_0000:ncall": 100.0, "I3InIceCORSIKATrimmer_0000:sys": 0.001091, "I3InIceCORSIKATrimmer_0000:usr": 4.293466000000001, "I3Pruner_0000:ncall": 5.0, "I3Pruner_0000:sys": 4.9999999999999996e-06, "I3Pruner_0000:usr": 0.000473, "I3TimeShifter_0000:ncall": 5.0, "I3TimeShifter_0000:sys": 4.399999999999999e-05, "I3TimeShifter_0000:usr": 0.00579, "RenamePESeriesMap:ncall": 0.0, "RenamePESeriesMap:sys": 1.2999999999999998e-05, "RenamePESeriesMap:usr": 0.00032700000000000003, "Rename_0000:ncall": 0.0, "Rename_0000:sys": 1.2e-05, "Rename_0000:usr": 0.00031800000000000003, "Rename_0001:ncall": 0.0, "Rename_0001:sys": 8e-06, "Rename_0001:usr": 0.0002599999999999997, "SimpleMajorityTrigger_0000:ncall": 100.0, "SimpleMajorityTrigger_0000:sys": 0.000134, "SimpleMajorityTrigger_0000:usr": 0.0007899999999999989, "SimpleMajorityTrigger_0001:ncall": 100.0, "SimpleMajorityTrigger_0001:sys": 5.300000000000001e-05, "SimpleMajorityTrigger_0001:usr": 0.0004730000000000005, "SimpleMajorityTrigger_0002:ncall": 100.0, "SimpleMajorityTrigger_0002:sys": 2e-05, "SimpleMajorityTrigger_0002:usr": 0.00043200000000000025, "SlowMonopoleTrigger_0000:ncall": 100.0, "SlowMonopoleTrigger_0000:sys": 0.00018399999999999997, "SlowMonopoleTrigger_0000:usr": 0.0005060000000000006, "count_triggers:ncall": 0.0, "count_triggers:sys": 7e-06, "count_triggers:usr": 4.7e-05, "ctx:ncall": 100.0, "ctx:sys": 0.000374, "ctx:usr": 0.047636, "dt:ncall": 0.0, "dt:sys": 0.000451, "dt:usr": 0.005251999999999999, "lineartree:ncall": 0.0, "lineartree:sys": 5.999999999999999e-06, "lineartree:usr": 0.00037799999999999997, "reader:ncall": 0.0, "reader:sys": 0.012157, "reader:usr": 0.3203499999999999, "source:ncall": 0.0, "source:sys": 0.023092999999999985, "source:usr": 0.547142999999999, "split:ncall": 0.0, "split:sys": 0.004569999999999999, "split:usr": 0.06836299999999998, "time-gen:ncall": 101.0, "time-gen:sys": 7.699999999999999e-05, "time-gen:usr": 0.0008809999999999996, "top_simulator_counter:ncall": 100.0, "top_simulator_counter:sys": 0.004959, "top_simulator_counter:usr": 0.0047469999999999995, "vuvuzela_DetectorSim_vuvuzela:ncall": 100.0, "vuvuzela_DetectorSim_vuvuzela:sys": 0.006619000000000001, "vuvuzela_DetectorSim_vuvuzela:usr": 0.3013089999999999, "writer:ncall": 0.0, "writer:sys": 0.0031739999999999997, "writer:usr": 0.005109}